option,group
Adams,WI County
Ashland,WI County
Barron,WI County
Bayfield,WI County
Brown,WI County
Buffalo,WI County
Burnett,WI County
Calumet,WI County
Chippewa,WI County
Clark,WI County
Columbia,WI County
Crawford,WI County
Dane,WI County
Dodge,WI County
Door,WI County
Douglas,WI County
Dunn,WI County
Eau Claire,WI County
Florence,WI County
Fond du Lac,WI County
Forest,WI County
Grant,WI County
Green,WI County
Green Lake,WI County
Iowa County,WI County
Iron,WI County
Jackson,WI County
Jefferson,WI County
Juneau,WI County
Kenosha,WI County
Kewaunee,WI County
La Crosse,WI County
Lafayette,WI County
Langlade,WI County
Lincoln,WI County
Manitowoc,WI County
Marathon,WI County
Marinette,WI County
Marquette,WI County
Menominee,WI County
Milwaukee,WI County
Monroe,WI County
Oconto,WI County
Oneida,WI County
Outagamie,WI County
Ozaukee,WI County
Pepin,WI County
Pierce,WI County
Polk,WI County
Portage,WI County
Price,WI County
Racine,WI County
Richland,WI County
Rock,WI County
Rusk,WI County
Saint Croix,WI County
Sauk,WI County
Sawyer,WI County
Shawano,WI County
Sheboygan,WI County
Taylor,WI County
Trempealeau,WI County
Vernon,WI County
Vilas,WI County
Walworth,WI County
Washburn,WI County
Washington,WI County
Waukesha,WI County
Waupaca,WI County
Waushara,WI County
Winnebago,WI County
Wood,WI County
Elsewhere,Out of state
Illinois,Out of state
Iowa,Out of state
Michigan,Out of state
Minnesota,Out of state